Nom,Prix,Catégorie,Note,Nb_avis,En_stock,Lien,Site
"Câble imprimante, 1,5 m",6.9,Informatique,,,Oui,https://fnac.tn/connectique/3555-cable-imprimante-15-m-4047443442277.html,Fnac
Souris Optique SBOX Noir/Bleu/Rouge,10.9,Informatique,,,Oui,https://fnac.tn/clavier-souris/3431-souris-optique-sbox-noir-bleu-rouge.html,Fnac
Tapis Souris Gamer White Shark MP-1964,14.9,Informatique,,,Oui,https://fnac.tn/clavier-souris/3457-tapis-souris-gamer-white-shark-mp-1964.html,Fnac
CALCULATRICE REBELL SHC108 -solaire,14.9,Informatique,,,Oui,https://fnac.tn/calculatrice/33323-calculatrice-rebell-shc108-solaire-8595179505996.html,Fnac
CALCULATRICE REBELL SHC208 -NOIR -solaire,14.9,Informatique,,,Oui,https://fnac.tn/calculatrice/31797-calculatrice-rebell-shc208-noir-solaire-8595179506023.html,Fnac
CLE USB 32G METALIQUE,14.99,Informatique,,,Oui,https://fnac.tn/disque-dur-ssd-et-stockage/3421-cle-usb-32g-metalique-4713218468802.html,Fnac
CLE USB 32G Rouge AUV240-32G-RRD,15.9,Informatique,,,Oui,https://fnac.tn/disque-dur-ssd-et-stockage/3420-cle-usb-32g-rouge-auv240-32g-rrd-4713218466150.html,Fnac
FLASH DISQUE USB 3.0 VERBATIM 32GB STORE N GO V3 G,18.0,Informatique,,,Oui,https://fnac.tn/disque-dur-ssd-et-stockage/3427-flash-disque-usb-30-verbatim-32gb-store-n-go-v3-g-023942491736.html,Fnac
CARTE MICRO SD-HC 32GB+ADAP VERBATIM CLASS-10 (REF,18.0,Informatique,,,Oui,https://fnac.tn/disque-dur-ssd-et-stockage/3562-carte-micro-sd-hc-32gbadap-verbatim-class-10-ref-023942440833.html,Fnac
FLASH DISK USB 2.0 VERBATIM PINSTRIPE 64GB NOIR,18.0,Informatique,,,Oui,https://fnac.tn/disque-dur-ssd-et-stockage/3424-flash-disk-usb-20-verbatim-pinstripe-64gb-noir.html,Fnac
"Hama USB-C Adapter, USB-C plug - micro USB 2.0 soc",19.0,Informatique,,,Oui,https://fnac.tn/connectique/3560-hama-usb-c-adapter-usb-c-plug-micro-usb-20-soc-4047443323088.html,Fnac
CLE USB AUV240 64GB BLACK/White RETAIL,19.9,Informatique,,,Oui,https://fnac.tn/disque-dur-ssd-et-stockage/3423-cle-usb-auv240-64gb-black-white-retail-4713218465405.html,Fnac
CARTE MÉMOIRE MICRO SD AVEC ADAPTATEUR - 32GO CLA,19.9,Informatique,,,Oui,https://fnac.tn/disque-dur-ssd-et-stockage/3412-carte-memoire-micro-sd-avec-adaptateur-32go-cla-4712702625905.html,Fnac
CALCULATRICE REBELL SHC312-solaire,19.9,Informatique,,,Oui,https://fnac.tn/accueil/9993-calculatrice-rebell-shc312-solaire.html,Fnac
CALCULATRICE REBELL SDC 410 -solaire,22.0,Informatique,,,Oui,https://fnac.tn/accueil/10185-calculatrice-rebell-sdc-410-solaire.html,Fnac
HUB USB 2.0- 4 PORTS SBOX,22.9,Informatique,,,Oui,https://fnac.tn/connectique/3552-hub-usb-20-4-ports-sbox.html,Fnac
SOURIS OPTIQUE SANS FIL 6D AVEC MOLETTE DE DEFILEM,23.0,Informatique,,,Oui,https://fnac.tn/clavier-souris/3520-souris-optique-sans-fil-6d-avec-molette-de-defilem.html,Fnac
CARTE MEMOIRE MICRO SD 64 G ADAPTATEUR CL10,24.99,Informatique,,,Oui,https://fnac.tn/disque-dur-ssd-et-stockage/3561-carte-memoire-micro-sd-64-g-adaptateur-cl10-4713218461933.html,Fnac
REBELL SC2030 NOIR -136F - box,25.0,Informatique,,,Oui,https://fnac.tn/accueil/10414-rebell-sc2030-noir-136f-box.html,Fnac
CALCULATRICE REBELL SDC912 ROSE,26.0,Informatique,,,Oui,https://fnac.tn/accueil/9909-calculatrice-rebell-sdc912-rose.html,Fnac
CALCULATRICE REBELL SDC912 ORONGE,26.0,Informatique,,,Oui,https://fnac.tn/calculatrice/10304-calculatrice-rebell-sdc912-oronge.html,Fnac
CARTE MEMOIRE SD-HC VERBATIM 32GB PRO CLASS-10 UHS,27.0,Informatique,,,Oui,https://fnac.tn/accessoires-tablettes/10508-carte-memoire-sd-hc-verbatim-32gb-pro-class-10-uhs-023942470212.html,Fnac
FLASH DISQUE VERBATIM USB2.0 2*32GB *ROUGE/BLUE,29.9,Informatique,,,Oui,https://fnac.tn/disque-dur-ssd-et-stockage/3426-flash-disque-verbatim-usb20-232gb-rouge-blue-023942493273.html,Fnac
White Shark MOUSE PAD 400x300x3 MP-1966 - SHARK,29.9,Informatique,,,Oui,https://fnac.tn/clavier-souris/3458-white-shark-mouse-pad-400x300x3-mp-1966-shark.html,Fnac
"Cable audio à fibre optique TOSLINK 1,5m",29.9,Informatique,,,Oui,https://fnac.tn/connectique/3559-cable-audio-a-fibre-optique-toslink-15m-4047443434388.html,Fnac
FLASH DISQUE VERBATIM V3 USB-3.0 GRIS 128GB (0491,29.9,Informatique,,,Oui,https://fnac.tn/disque-dur-ssd-et-stockage/3410-flash-disque-verbatim-v3-usb-30-gris-128gb-0491-23942491897.html,Fnac
FLASH DISQUE VERBATIM USB3.0 64GB METAL EXECUTIVE,34.9,Informatique,,,Oui,https://fnac.tn/disque-dur-ssd-et-stockage/3407-flash-disque-verbatim-usb30-64gb-metal-executive.html,Fnac
CLAVIER FILAIRE LOGITECH USB - NOIR,34.9,Informatique,,,Oui,https://fnac.tn/clavier-souris/3475-clavier-filaire-logitech-usb-noir-5099206020726.html,Fnac
TAPIS DE SOURIS WHITE SHARK GMP-1799 SKYWALKER L 4,34.9,Informatique,,,Oui,https://fnac.tn/clavier-souris/3492-tapis-de-souris-white-shark-gmp-1799-skywalker-l-4-616320535001.html,Fnac
RECHARGE D ENCRE JET D'ENCRE CYAN POUR (G2420) GI-,38.9,Informatique,,,Oui,https://fnac.tn/cartouche-d-encre-toner/3542-recharge-d-encre-jet-d-encre-cyan-pour-g2420-gi--4549292169768.html,Fnac
CLE USB 64GB 3.0 SILVER,39.9,Informatique,,,Oui,https://fnac.tn/disque-dur-ssd-et-stockage/3422-cle-usb-64gb-30-silver-4047443401434.html,Fnac
HUB Switch D-LINK 5 PORTS 10/100 MBPS-BLANC,39.9,Informatique,,,Oui,https://fnac.tn/connectique/3547-hub-switch-d-link-5-ports-10-100-mbps-blanc.html,Fnac
SOURIS LOGITECH WIRELESS M185 Grey,39.9,Informatique,,,Oui,https://fnac.tn/clavier-souris/3444-souris-logitech-wireless-m185-grey-5099206027275.html,Fnac
BOUTEILLE D'ENCRE MAGENTA 70ml POUR L110/L130/L310,39.9,Informatique,,,Oui,https://fnac.tn/cartouche-d-encre-toner/3531-bouteille-d-encre-magenta-70ml-pour-l110-l130-l310-8715946496559.html,Fnac
Souris Compacte sans fil Lenovo 300-Gris nuage,39.9,Informatique,,,Oui,https://fnac.tn/clavier-souris/3442-souris-compacte-sans-fil-lenovo-300-gris-nuage-195892080503.html,Fnac
HOUSSE HDD EXTERNE RIVACASE 9101 BLEU V/L/R,39.9,Informatique,,,Oui,https://fnac.tn/sacoche-pc/3500-housse-hdd-externe-rivacase-9101-bleu-v-l-r-4260403570975.html,Fnac
Souris Compacte sans fil Lenovo 300-Gris,39.9,Informatique,,,Oui,https://fnac.tn/clavier-souris/3443-souris-compacte-sans-fil-lenovo-300-gris.html,Fnac
EPSON 103 CARTOUCHE D'ENCRE-CYAN (L3110),39.99,Informatique,,,Oui,https://fnac.tn/cartouche-d-encre-toner/3524-epson-103-cartouche-d-encre-cyan-l3110-8715946655857.html,Fnac
EPSON 103 CARTOUCHE D'ENCRE-MAGENTA (L3110),39.99,Informatique,,,Oui,https://fnac.tn/cartouche-d-encre-toner/3525-epson-103-cartouche-d-encre-magenta-l3110-8715946655864.html,Fnac
EPSON 103 CARTOUCHE D'ENCRE-JAUNE (L3110),39.99,Informatique,,,Oui,https://fnac.tn/cartouche-d-encre-toner/3526-epson-103-cartouche-d-encre-jaune-l3110-8715946655871.html,Fnac
CARTE MEMOIRE SD-HC VERBATIM 64GB PRO CLASS-10 UHS,43.0,Informatique,,,Oui,https://fnac.tn/accueil/3563-carte-memoire-sd-hc-verbatim-64gb-pro-class-10-uhs-023942470229.html,Fnac
8 port 10/100Base-T unmanged switch (plastic casin,44.9,Informatique,,,Oui,https://fnac.tn/routeur-repeteur-switches-/3429-8-port-10-100base-t-unmanged-switch-plastic-casin-790069419935.html,Fnac
TAPIS REDRAGON FLICK L P031,49.0,Informatique,,,Oui,https://fnac.tn/clavier-souris/12575-tapis-redragon-flick-l-p031-6950376779892.html,Fnac
FLASH DISQUE VERBATIM DUAL USB 3.0 (USB-C/USB-A),49.0,Informatique,,,Oui,https://fnac.tn/disque-dur-ssd-et-stockage/3408-flash-disque-verbatim-dual-usb-30-usb-c-usb-a.html,Fnac
Pack CLAVIER ET SOURIS FILAIRES LOGITECH MK120,49.0,Informatique,,,Oui,https://fnac.tn/clavier-souris/3476-pack-clavier-et-souris-filaires-logitech-mk120-5099206020474.html,Fnac
Bouteille d'encre Authentique HP GT53XL 135 NOIR,49.9,Informatique,,,Oui,https://fnac.tn/cartouche-d-encre-toner/3538-bouteille-d-encre-authentique-hp-gt53xl-135-noir-192545270656.html,Fnac
SOURIS White Shark GM-9004 TRISTAN Crni RGB / 12.0,52.9,Informatique,,,Oui,https://fnac.tn/clavier-souris/3469-souris-white-shark-gm-9004-tristan-crni-rgb-120-736373269378.html,Fnac
TAPIS REDRAGON SUZAKU XXL P003,54.9,Informatique,,,Oui,https://fnac.tn/clavier-souris/12576-tapis-redragon-suzaku-xxl-p003-6950376703392.html,Fnac
Souris Sans Fil Lenovo 530 Bleu,55.0,Informatique,,,Oui,https://fnac.tn/clavier-souris/3440-souris-sans-fil-lenovo-530-bleu-195042086270.html,Fnac
SH EL 531THB GRIS -273F-blister,55.0,Informatique,,,Oui,https://fnac.tn/accueil/10056-sh-el-531thb-gris-273f-blister.html,Fnac
SH EL 531THB VIOLET -273F-blister,55.0,Informatique,,,Oui,https://fnac.tn/accueil/10112-sh-el-531thb-violet-273f-blister.html,Fnac
SH EL 531THB ROSE -273F-blister,55.0,Informatique,,,Oui,https://fnac.tn/accueil/10200-sh-el-531thb-rose-273f-blister.html,Fnac
Souris Gaming White Shark GALAHAD GM-50007/6400,56.9,Informatique,,,Oui,https://fnac.tn/clavier-souris/3456-souris-gaming-white-shark-galahad-gm-50007-6400-736373266230.html,Fnac
White Shark GAMING MOUSE GM-5007 GALAHAD / 6.400 d,56.9,Informatique,,,Oui,https://fnac.tn/clavier-souris/3472-white-shark-gaming-mouse-gm-5007-galahad-6400-d.html,Fnac
ETUI KOBO CLARA HD CLASSIC COVER BLACK,57.99,Informatique,,,Oui,https://fnac.tn/nos-lisseuses/3848-kobo-clara-hd-classic-cover-black.html,Fnac
CALCULATRICE REBELL SC2080 S write view-solaire-41,59.0,Informatique,,,Oui,https://fnac.tn/accueil/10127-calculatrice-rebell-sc2080-s-write-view-solaire-41.html,Fnac
SOURIS SANS FIL HP Z3700 GOLD,59.9,Informatique,,,Oui,https://fnac.tn/clavier-souris/3459-souris-sans-fil-hp-z3700-gold-190780030554.html,Fnac
Batterie EN-EL15 Nikon D6/D7/D8 series,149.0,Informatique,,,Oui,https://fnac.tn/accessoires-voiture/33589-batterie-en-el15-nikon-d6-d7-d8-series-9210000003586.html,Fnac
"Etui Housse pour Macbook Pro 14""",89.0,Informatique,,,Oui,https://fnac.tn/accessoires-microsoft-surface/3370-etui-housse-pour-macbook-pro-14-4260647339451.html,Fnac
MAC MINI M1 APPLE MGNR3FN/A,2698.0,Informatique,,,Oui,https://fnac.tn/macbook/33581-mac-mini-m1-apple-mgnr3fn-a-194252091654.html,Fnac
MACBOOK AIR 13 APPLE M3 / 08GB / SSD 256 Go STAR,4549.0,Informatique,,,Oui,https://fnac.tn/macbook/33550-macbook-air-13-apple-m3-08gb-ssd-256-go-star-194252056123.html,Fnac
PC GAMER FNAC 71 I5-12400F/16Gb/1TB SS/RTX 5060,2499.0,Informatique,,,Oui,https://fnac.tn/pc-portable/33551-pc-gamer-fnac-71-i5-12400f-16gb-1tb-ss-rtx-5060-9210000017200.html,Fnac
PC GAMER FNAC 72 I5-13400F/32GB/ 1Tb /RTX 5060,3599.0,Informatique,,,Oui,https://fnac.tn/pc-portable/33552-pc-gamer-fnac-72-i5-13400f-32gb-1tb-rtx-5060-9210000017217.html,Fnac
PC GAMER FNAC 74 i5-14400F/16GO/RTX 5070/ 1Tb,4300.0,Informatique,,,Oui,https://fnac.tn/pc-portable/33553-pc-gamer-fnac-74-i5-14400f-16go-rtx-5070-1tb-9210000017231.html,Fnac
PC GAMER FNAC 77 RYZEN 7 7700/ 32GB/RTX 5070,5699.0,Informatique,,,Oui,https://fnac.tn/pc-portable/33554-pc-gamer-fnac-77-ryzen-7-7700-32gb-rtx-5070-9210000017262.html,Fnac
PC gaming MSI Cyborg i7-13620H-8G-512-6G RTX 4050,3199.0,Informatique,,,Oui,https://fnac.tn/pc-portable/35104-pc-gaming-msi-cyborg-i7-13620h-8g-512-6g-rtx-4050-4711377260060.html,Fnac
PC GAMING MSIThin i5 13420H-8G-512SSD- 4G RTX2050,2299.0,Informatique,,,Oui,https://fnac.tn/pc-portable/10781-pc-gaming-msithin-i5-13420h-8g-512ssd-4g-rtx2050-4711377260039.html,Fnac
"Pc Portable Asus ExpertBook I5-, 8Go, 256Go SSD,",2538.5,Informatique,,,Oui,https://fnac.tn/pc-portable-gamer/3375-pc-portable-asus-expertbook-i5-8go-256go-ssd-4711387053553.html,Fnac
PC PORTABLE ASUS I5-1342H-8-512-156W11-BLEU,1539.0,Informatique,,,Oui,https://fnac.tn/pc-portable/10600-pc-portable-asus-i5-1342h-8-512-156w11-bleu-4711387856345.html,Fnac
PC Portable ASUS I7-13620H-16G-1TSSD-14-SILVER,2759.0,Informatique,,,Oui,https://fnac.tn/pc-portable/34299-pc-portable-asus-i7-13620h-16g-1tssd-14-silver-4711387973745.html,Fnac
PC Portable ASUS I9-13900H-8G-512SSD-WIN-SILVER,2129.0,Informatique,,,Oui,https://fnac.tn/pc-portable/34297-pc-portable-asus-i9-13900h-8g-512ssd-win-silver-4711636145824.html,Fnac
PC Portable ASUS TUF R7-7435HS-8G-512 SSD-RTX 2050,2299.0,Informatique,,,Oui,https://fnac.tn/pc-portable/10525-pc-portable-asus-tuf-r7-7435hs-8g-512-ssd-rtx-2050-4711387780336.html,Fnac
PC Portable ASUS U5-120U-8G-512SSD-15.6P-SILVER-,1739.0,Informatique,,,Oui,https://fnac.tn/pc-portable/34298-pc-portable-asus-u5-120u-8g-512ssd-156p-silver--4711387773253.html,Fnac
PC PORTABLE AUS I3-1315U -8G -512SSD -WIN BLEU,1199.0,Informatique,,,Oui,https://fnac.tn/pc-portable/35113-pc-portable-aus-i3-1315u-8g-512ssd-win-bleu-4711636049078.html,Fnac
Pc Portable DELL Vostro 3520 15.6 I5-1235U 8GB 512,1359.0,Informatique,,,Oui,https://fnac.tn/pc-portable/31169-pc-portable-dell-vostro-3520-156-i5-1235u-8gb-512-3311387448004.html,Fnac
PC Portable DELL Vostro I5-1334U 8G 512SS 156,1489.0,Informatique,,,Oui,https://fnac.tn/pc-portable/35102-pc-portable-dell-vostro-i5-1334u-8g-512ss-156-9210000018290.html,Fnac
PC Portable DELLVostro I7-1355U 8G 512 SSD 156,1899.0,Informatique,,,Oui,https://fnac.tn/pc-portable/35103-pc-portable-dellvostro-i7-1355u-8g-512-ssd-156-9210000018306.html,Fnac
PC PORTABLE ENVY-15-fe0001nkI7-1355U16G512SD,3799.0,Informatique,,,Oui,https://fnac.tn/pc-portable/12217-pc-portable-envy-15-fe0001nki7-1355u16g512sd-197497477146.html,Fnac
PC PORTABLE Experbook I5-13420H-8G-512SDD- GREY,1599.0,Informatique,,,Oui,https://fnac.tn/pc-portable/35114-pc-portable-experbook-i5-13420h-8g-512sdd-grey-4711636088244.html,Fnac
Pc Portable GAMER Lenovo LOQ I7/16GO/RTX3050,4024.4,Informatique,,,Oui,https://fnac.tn/pc-portable/32431-pc-portable-gamer-lenovo-loq-i7-16go-rtx3050-197531806741.html,Fnac
Pc Portable Gamer MSI Cyborg I7-8G-512SSD-8GRTX406,3399.0,Informatique,,,Oui,https://fnac.tn/pc-portable/10553-pc-portable-gamer-msi-cyborg-i7-8g-512ssd-8grtx406-4711377260046.html,Fnac
Pc Portable Gamer MSI Thin 15 i7-8G-512SSD- 4G RTX,2569.0,Informatique,,,Oui,https://fnac.tn/pc-portable/10554-pc-portable-gamer-msi-thin-15-i7-8g-512ssd-4g-rtx-4711377260022.html,Fnac
PC PORTABLE HP 250G10 i5-1334U 8GB/512 SAC,1599.0,Informatique,,,Oui,https://fnac.tn/pc-portable/35105-pc-portable-hp-250g10-i5-1334u-8gb-512-sac-198990229638.html,Fnac
Pc Portable HP AMD R5/8GO/512SSD-SILVER,1399.0,Informatique,,,Oui,https://fnac.tn/pc-portable/3338-pc-portable-hp-amd-r5-8go-512ssd-silver-197497722185.html,Fnac
PC PORTABLE HP HP15-fd0079nk AB1T5EA,1949.0,Informatique,,,Oui,https://fnac.tn/pc-portable/12222-pc-portable-hp-hp15-fd0079nk-ab1t5ea-198701024965.html,Fnac
PC PORTABLE HP HP15-fd0080nk AB1T6EA,1949.0,Informatique,,,Oui,https://fnac.tn/pc-portable/12223-pc-portable-hp-hp15-fd0080nk-ab1t6ea-198701024972.html,Fnac
PC Portable HP Victus I5 13420H 8G 512SD 4G 2050 W1,2819.2,Informatique,,,Oui,https://fnac.tn/pc-portable/3380-pc-portable-hp-victus-i513420h8g512sd4g2050w1.html,Fnac
PC PORTABLE HP15-fd0298nk A30XQEA,729.0,Informatique,,,Oui,https://fnac.tn/pc-portable/12221-pc-portable-hp15-fd0298nk-a30xqea-198415049483.html,Fnac
PC PORTABLE HP15-fd0311nk A2AR3EA,2999.0,Informatique,,,Oui,https://fnac.tn/pc-portable/12218-pc-portable-hp15-fd0311nk-a2ar3ea-198122957781.html,Fnac
Pc Portable HP15fd0286nk-I7-1355U_8GB_512SD_SILVER,2498.7,Informatique,,,Oui,https://fnac.tn/pc-portable/3359-pc-portable-hp15fd0286nk-i7-1355u8gb512sdsilver.html,Fnac
PC Portable lenovo FLEX 5 R77730U16G512SSDW11,2659.0,Informatique,,,Oui,https://fnac.tn/pc-portable/34302-pc-portable-lenovo-flex-5-r77730u16g512ssdw11-197532982291.html,Fnac
PC PORTABLE LENOVO Ideapad 1 82VG00NXFG Ryzen 5 / 16 Go / 512SSD / W11,1379.0,Informatique,,,Oui,https://fnac.tn/pc-portable/12558-pc-portable-lenovo-82vg00nxfg-r5-16-512-w11-sac-198153346776.html,Fnac
PC Portable lenovo Yoga Slim 6 I5/8RAM /512SSD,3319.2,Informatique,,,Oui,https://fnac.tn/pc-portable/3341-pc-portable-lenovo-yoga-slim-6-i5-8ram-512ssd.html,Fnac
Pc Portable lenovoIP3 R5 7520U-8G-512SSD-INTEGRE-W,1639.7,Informatique,,,Oui,https://fnac.tn/pc-portable/32430-pc-portable-lenovoip3-r5-7520u-8g-512ssd-integre-w-196804861395.html,Fnac
PC Portable MSI Modern 15 i3-1315U-8G-512SSD-IRIS,1459.0,Informatique,,,Oui,https://fnac.tn/pc-portable/34295-pc-portable-msi-modern-15-i3-1315u-8g-512ssd-iris-4711377290104.html,Fnac
PC Portable MSI Modern 15 i5-1334U-8G-512SSD-IRIS,1699.0,Informatique,,,Oui,https://fnac.tn/pc-portable/34296-pc-portable-msi-modern-15-i5-1334u-8g-512ssd-iris-4711377290081.html,Fnac
PC PORTABLE Victus15,2199.0,Informatique,,,Oui,https://fnac.tn/pc-portable/12220-pc-portable-victus15-198122167784.html,Fnac
Smart Cover Apple pour 12.9-4th gen MXNL2F/A,845.0,Informatique,,,Oui,https://fnac.tn/macbook/35173-smart-cover-apple-pour-129-4th-gen-mxnl2f-a-190199568891.html,Fnac
Smart cover en cuir pour Ipad2-3-4 MARRON,189.0,Informatique,,,Oui,https://fnac.tn/accessoires-microsoft-surface/3369-smart-cover-en-cuir-pour-ipad2-3-4-marron.html,Fnac
CABLE CHARGEUR KSIX B0925CD02,89.0,Informatique,,,Oui,https://fnac.tn/accessoires-pc/3368-cable-chargeur-ksix-b0925cd02-8427542080956.html,Fnac
"MacBook Air 13"" M1 8 GPU 256 SSD Gris sidéral",3699.0,Informatique,,,Oui,https://fnac.tn/macbook/3366-macbook-air-13-m1-8-gpu-256-ssd-gris-sideral.html,Fnac
Pc Portable Asus EXPERTBOOK I5/16GO/256+1TO,1899.0,Informatique,,,Oui,https://fnac.tn/pc-portable/3374-pc-portable-asus-expertbook-i5-16go-2561to-4711387014776.html,Fnac
Pc Portable Asus ExpertBook I7/16GO/512SSD,2149.0,Informatique,,,Oui,https://fnac.tn/pc-portable/3373-pc-portable-asus-expertbook-i7-16go-512ssd-4711387165591.html,Fnac
Pc Portable ASUS Cel N4500U-4G-256SSD-FD-15.6 P-SI,699.0,Informatique,,,Oui,https://fnac.tn/pc-portable/3352-pc-portable-asus-cel-n4500u-4g-256ssd-fd-156-p-si-4711387733554.html,Fnac
Pc Portable ASUS EXPERTBOOK I5/8GO/256GO SSD,1699.0,Informatique,,,Oui,https://fnac.tn/pc-portable/10549-pc-portable-asus-expertbook-i5-8go-256go-ssd-4711081591108.html,Fnac
Pc Portable Asus ExpertBook I7/ 8Go/512SSD/MX330,1599.0,Informatique,,,Oui,https://fnac.tn/pc-portable/3376-pc-portable-asus-expertbook-i7-8go-512ssd-mx330-4711387048696.html,Fnac
PC PORTABLE ASUS I3-1315U-8-512-156-SILVER,1119.0,Informatique,,,Oui,https://fnac.tn/pc-portable/34294-pc-portable-asus-i3-1315u-8-512-156-silver-4711387461808.html,Fnac
Pc portable ASUS I3-1315U-8G-512SSD-+ BACKPACK-W11,1299.0,Informatique,,,Oui,https://fnac.tn/pc-portable/3354-pc-portable-asus-i3-1315u-8g-512ssd-backpack-w11-4711387670590.html,Fnac
PC Portable ASUS I3-1315U-8G-512SSD-15.6P-FD-BLEU,1099.0,Informatique,,,Oui,https://fnac.tn/pc-portable/34300-pc-portable-asus-i3-1315u-8g-512ssd-156p-fd-bleu-4711387981665.html,Fnac
PC Portable ASUS I5-13420H-16G-512SSD-14,2329.0,Informatique,,,Oui,https://fnac.tn/pc-portable/34301-pc-portable-asus-i5-13420h-16g-512ssd-14-4711387981702.html,Fnac
Pc Portable ASUS I9-13900H-8G-512SSD-W11-BLEU-1Y,2819.2,Informatique,,,Oui,https://fnac.tn/pc-portable/10550-pc-portable-asus-i9-13900h-8g-512ssd-w11-bleu-1y-4711387351833.html,Fnac
PC PORTABLE ASUS R7-7730U-8-512-156-W11,1579.0,Informatique,,,Oui,https://fnac.tn/pc-portable/12557-pc-portable-asus-r7-7730u-8-512-156-w11-4711387849484.html,Fnac
PC Portable ASUS TUF Gaming F15 i7 13è Gén 8Go RTX,3899.0,Informatique,,,Oui,https://fnac.tn/pc-portable/32508-pc-portable-asus-tuf-gaming-f15-i7-13e-gen-8go-rtx-4711387448007.html,Fnac
Pc Portable ASUS VIVOBOOK I3 / 8GO / 512SSD/ WIN 1,1249.0,Informatique,,,Oui,https://fnac.tn/pc-portable/31171-pc-portable-asus-vivobook-i3-8go-512ssd-win-1-4711387461792.html,Fnac
Pc Portable ASUS VIVOBOOK I5 / 8GO / 512SSD/ WIN 1,1659.0,Informatique,,,Oui,https://fnac.tn/pc-portable/31170-pc-portable-asus-vivobook-i5-8go-512ssd-win-1-4711387856307.html,Fnac
PC PORTABLE ASUS VIVOBOOK I7 13È GÉN 8GO 512GO SSD,2306.4,Informatique,,,Oui,https://fnac.tn/pc-portable/32517-pc-portable-asus-vivobook-i7-13e-gen-8go-512go-ss-4711387351826.html,Fnac
PC PORTABLE ASUS VIVOBOOK I9 13È GÉN 8GO 512GO SSD,2665.4,Informatique,,,Oui,https://fnac.tn/pc-portable/32518-pc-portable-asus-vivobook-i9-13e-gen-8go-512go-ss-4711387351840.html,Fnac
Coups de coeur,529.0,Informatique,,,Oui,https://fnac.tn/tous-les-casques/2534-casque-jbl-t770-nc-noir-6925281974526.html,Fnac
CASQUE BT SONY WH-ULT900 WHITE,759.0,Informatique,,,Oui,https://fnac.tn/tous-les-casques/2566-casque-bt-sony-wh-ult900-white-4548736158337.html,Fnac
ENCEINTE BLUETOOTH PORTABLES M-360 BT MUSE,139.99,Informatique,,,Oui,https://fnac.tn/enceinte/10429-enceinte-bluetooth-portables-m-360-bt-muse-3700460202897.html,Fnac
ENCEINTE BLUETOOTH PORTABLES M-780 BTR MUSE,209.0,Informatique,,,Oui,https://fnac.tn/enceinte/10435-enceinte-bluetooth-portables-m-780-btr-muse-3700460209087.html,Fnac
ENCEINTE BLUETOOTH PORTABLES ML-625 BT MUSE,699.99,Informatique,,,Oui,https://fnac.tn/enceinte/10438-enceinte-bluetooth-portables-ml-625-bt-muse-3700460209339.html,Fnac
Casque stéréo Bluetooth Noir MUSE,119.99,Informatique,,,Oui,https://fnac.tn/casque-bluetooth-sans-fil/10496-casque-stereo-bluetooth-noir-muse-3700460205942.html,Fnac
ÉCOUTEURS XIAOMI MI IN-EAR - NOIR,29.0,Informatique,,,Oui,https://fnac.tn/accessoires-voiture/2406-ecouteurs-xiaomi-mi-in-ear-noir-6970244522184.html,Fnac
Ecouteurs filaires Lenovo 110 Silver,35.0,Informatique,,,Oui,https://fnac.tn/tous-les-casques/2524-ecouteurs-filaires-lenovo-110-silver.html,Fnac
ECOUTEURS SANS FIL XIAOMI REDMI BUDS 6 PLAY BLACK,39.99,Informatique,,,Oui,https://fnac.tn/ecouteurs-bluetooth/12249-ecouteurs-sans-fil-xiaomi-redmi-buds-6-play-black-6941812791240.html,Fnac
ECOUTEURS SANS FIL XIAOMI REDMI BUDS 6 PLAY WHITE,39.99,Informatique,,,Oui,https://fnac.tn/ecouteurs-bluetooth/12250-ecouteurs-sans-fil-xiaomi-redmi-buds-6-play-white-6941812791271.html,Fnac
Enceinte sans fil XP7 PHILIPS,49.99,Informatique,,,Oui,https://fnac.tn/toutes-les-enceintes/3946-enceinte-sans-fil-xp7-philips-4895229111011.html,Fnac
Écouteurs Sans Fil TREQA BT-52 - Rose,59.0,Informatique,,,Oui,https://fnac.tn/son-casques-enceintes/2625-ecouteurs-sans-fil-treqa-bt-52-rose-9210000015223.html,Fnac
Écouteurs Sans Fil TREQA BT-52 - Blanc,59.0,Informatique,,,Oui,https://fnac.tn/ecouteurs-bluetooth/2626-ecouteurs-sans-fil-treqa-bt-52-blanc-9210000015224.html,Fnac
Écouteurs Sans Fil TREQA BT-52 - Bleu,59.0,Informatique,,,Oui,https://fnac.tn/ecouteurs-bluetooth/2627-ecouteurs-sans-fil-treqa-bt-52-bleu-9210000015225.html,Fnac
Écouteurs Sans Fil TREQA BT-52 - Beige,59.0,Informatique,,,Oui,https://fnac.tn/ecouteurs-bluetooth/2628-ecouteurs-sans-fil-treqa-bt-52-beige-9210000015226.html,Fnac
Écouteurs Sans Fil TREQA BT-52 - Noir,59.0,Informatique,,,Oui,https://fnac.tn/ecouteurs-bluetooth/2624-ecouteurs-sans-fil-treqa-bt-52-noir-9210000015222.html,Fnac
Earbuds HONOR X7 Lite White,59.99,Informatique,,,Oui,https://fnac.tn/ecouteurs-bluetooth/35095-earbuds-honor-x7-lite-white-6975840260638.html,Fnac
ENCEINTE BLUETOOTH PORTABLES M-307 BT MUSE,59.99,Informatique,,,Oui,https://fnac.tn/enceinte/10428-enceinte-bluetooth-portables-m-307-bt-muse-3700460208912.html,Fnac
Casque SWINGSON BT BLUE,59.99,Informatique,,,Oui,https://fnac.tn/tous-les-casques/2542-casque-swingson-bt-blue-3615993714048.html,Fnac
SWINGSON BUDS WHITE,59.99,Informatique,,,Oui,https://fnac.tn/son-casques-enceintes/2665-swingson-buds-white-3663003664227.html,Fnac
Enceinte Bluetooth Sans Fil Eco Speak KSIX BLUESEC,64.99,Informatique,,,Oui,https://fnac.tn/toutes-les-enceintes/3954-enceinte-bluetooth-sans-fil-eco-speak-ksix-bluesec-8427542103037.html,Fnac
CASQUE BLUETOOTH HOCO W46 Charm Light blue gray,65.0,Informatique,,,Oui,https://fnac.tn/tous-les-casques/10632-casque-bluetooth-hoco-w46-charm-light-blue-gray-6942007601719.html,Fnac
Ecouteurs Bluetooth WUW-R147,69.0,Informatique,,,Oui,https://fnac.tn/son-casques-enceintes/2650-ecouteurs-bluetooth-wuw-r147-6972573330577.html,Fnac
CASQUE BLUETOOTH HOCO W41 Charm black,69.0,Informatique,,,Oui,https://fnac.tn/tous-les-casques/10529-casque-bluetooth-hoco-w41-charm-black-6931474789259.html,Fnac
RADIO-REVEIL M-150 CR MUSE,69.99,Informatique,,,Oui,https://fnac.tn/radio-reveil/10481-radio-reveil-m-150-cr-muse-3700460202293.html,Fnac
Radio-réveil Muse M-10 CR noir PLL DOUBLE ALARME,69.99,Informatique,,,Oui,https://fnac.tn/radio-reveil/18893-radio-reveil-muse-m-10-cr-noir-pll-double-alarme--3700460200701.html,Fnac
CASQUE FILAIRE SWINGSON KIDS ROSE,69.99,Informatique,,,Oui,https://fnac.tn/tous-les-casques/2583-casque-filaire-swingson-kids-rose-3615993714000.html,Fnac
CASQUE FILAIRE SWINGSON KIDS BLEU,69.99,Informatique,,,Oui,https://fnac.tn/tous-les-casques/2584-casque-filaire-swingson-kids-bleu-3615993713997.html,Fnac
Earbuds HONOR X7i White,69.99,Informatique,,,Oui,https://fnac.tn/ecouteurs-bluetooth/35096-earbuds-honor-x7i-white-6975840260461.html,Fnac
Casque Bluetooth MUSE Enfants Bleu - M215,75.0,Informatique,,,Oui,https://fnac.tn/casque-bluetooth-sans-fil/10500-casque-bluetooth-muse-enfants-bleu-3700460207588.html,Fnac
Casque Bluetooth Enfants MUSE Rose - M215,75.0,Informatique,,,Oui,https://fnac.tn/tous-les-casques/10499-casque-bluetooth-enfants-muse-rose-3700460207571.html,Fnac
"Hama Écouteurs Bluetooth® ""Freedom Light"" (Noir)",75.5,Informatique,,,Oui,https://fnac.tn/son-casques-enceintes/2598-hama-ecouteurs-bluetooth-freedom-light-noir-4047443458926.html,Fnac
"Hama Écouteurs Bluetooth® ""Freedom Light"" ROUGE",75.5,Informatique,,,Oui,https://fnac.tn/ecouteurs-bluetooth/2599-hama-ecouteurs-bluetooth-freedom-light-rouge-4047443458957.html,Fnac
ECOUTEURS SANS FIL COLMI W02 NOIR,76.9,Informatique,,,Oui,https://fnac.tn/ecouteurs-bluetooth/2610-ecouteurs-sans-fil-colmi-w02-noir-9210000015138.html,Fnac
ECOUTEURS SANS FIL COLMI W02 ROSE,76.9,Informatique,,,Oui,https://fnac.tn/ecouteurs-bluetooth/32448-ecouteurs-sans-fil-colmi-w02-rose-9210000015145.html,Fnac
ECOUTEURS SANS FIL COLMI W02 BLANC,76.9,Informatique,,,Oui,https://fnac.tn/ecouteurs-bluetooth/2611-ecouteurs-sans-fil-colmi-w02-blanc-9210000015152.html,Fnac
Casque fil TAKH101PK/00 (Rose / violet) PHILIPS,79.0,Informatique,,,Oui,https://fnac.tn/tous-les-casques/2518-casque-fil-takh101pk-00-rose-violet-philips-4895229100923.html,Fnac
Radio reveil - LENCO BLANC,79.0,Informatique,,,Oui,https://fnac.tn/radio-reveil/3577-radio-reveil-lenco-blanc-8711902034049.html,Fnac
ECOUTEURS SANS FIL WEFIX TW BLANC,79.0,Informatique,,,Oui,https://fnac.tn/ecouteurs-bluetooth/2607-ecouteurs-sans-fil-wefix-tw-blanc-3615993714574.html,Fnac
ECOUTEURS BLUETOOTH HOCO EW61 BLEU,79.99,Informatique,,,Oui,https://fnac.tn/ecouteurs-true-wireless/10687-ecouteurs-bluetooth-hoco-ew61-bleu-6942007617598.html,Fnac
ECOUTERUS SANS FIL X36 SMART SCREEN ANC,79.99,Informatique,,,Oui,https://fnac.tn/ecouteurs-bluetooth/35130-ecouterus-sans-fil-x36-smart-screen-anc-6920680860142.html,Fnac
Earbuds HONOR X7e White,79.99,Informatique,,,Oui,https://fnac.tn/ecouteurs-bluetooth/35097-earbuds-honor-x7e-white-6975840260485.html,Fnac
Radio reveil LENCO- BLEU,79.99,Informatique,,,Oui,https://fnac.tn/radio-reveil/3576-radio-reveil-lenco-bleu-8711902034025.html,Fnac
Casque filaire avec Micro (Violet/Rose),85.0,Informatique,,,Oui,https://fnac.tn/tous-les-casques/2549-casque-filaire-avec-micro-violet-rose-4895229100961.html,Fnac
Casque STYLE 1 TALK MIDNIGHT BLACK - ENERGY SISTEM,85.0,Informatique,,,Oui,https://fnac.tn/tous-les-casques/2531-casque-style-1-talk-midnight-black-energy-sistem-8432426448814.html,Fnac
ECOUTEURS SANS FIL COLMI A8 NOIR,89.0,Informatique,,,Oui,https://fnac.tn/casque-par-usage/2612-ecouteurs-sans-fil-colmi-a8-noir-9210000015107.html,Fnac
ECOUTEURS SANS FIL COLMI A8 BLANC,89.0,Informatique,,,Oui,https://fnac.tn/ecouteurs/2609-ecouteurs-sans-fil-colmi-a8-blanc-9210000015121.html,Fnac
CASQUE FILAIRE SONY MDR ZX310 BLACK,89.99,Informatique,,,Oui,https://fnac.tn/tous-les-casques/2527-casque-filaire-sony-mdr-zx310-black-4905524942132.html,Fnac
CASQUE FILAIRE SONY MDR ZX310 RED,89.99,Informatique,,,Oui,https://fnac.tn/casque-par-usage/2509-casque-filaire-sony-mdr-zx310-red-4905524942156.html,Fnac
Radio Reveil MUSE Double Alarme M-185 CR,89.99,Informatique,,,Oui,https://fnac.tn/radio-reveil/10479-radio-reveil-muse-double-alarme-m-185-cr-3700460202415.html,Fnac
EARBUDS MIBRO 3 BLACK,89.99,Informatique,,,Oui,https://fnac.tn/ecouteurs-bluetooth/2635-earbuds-mibro-3-black-6971619678604.html,Fnac
Enceinte Bluetooth 5.0 Noir et Jaune PARTYBTIPNANO,95.0,Informatique,,,Oui,https://fnac.tn/enceinte/3950-enceinte-bluetooth-50-noir-et-jaune-partybtipnano-3499550388282.html,Fnac
Enceinte Bluetooth PARTYBTIPNANOWHG avec dragonne,95.0,Informatique,,,Oui,https://fnac.tn/toutes-les-enceintes/3952-enceinte-bluetooth-partybtipnanowhg-avec-dragonne-3499550386875.html,Fnac
Enceinte Bluetooth nomade BIGBEN PARTY NANO – PART,95.0,Informatique,,,Oui,https://fnac.tn/enceinte/3949-enceinte-bluetooth-nomade-bigben-party-nano-part-3499550386899.html,Fnac
"Enceinte Bluetooth Hama Pocket 2.0"", étanche, 3,5",99.0,Informatique,,,Oui,https://fnac.tn/enceinte/3931-enceinte-bluetooth-hama-pocket-20-etanche-35-4047443443212.html,Fnac
Airpods TWIN'S Artek Blanc,99.0,Informatique,,,Oui,https://fnac.tn/ecouteurs-bluetooth/2660-airpods-twin-s-artek-blanc-4700569870903.html,Fnac
Airpods TWIN'S Artek Bleu,99.0,Informatique,,,Oui,https://fnac.tn/son-casques-enceintes/2659-airpods-twin-s-artek-bleu-4700569870941.html,Fnac
Écouteurs Stéréo Purple Guess True Wireless Triang,99.0,Informatique,,,Oui,https://fnac.tn/ecouteurs-bluetooth/2656-ecouteurs-stereo-purple-guess-true-wireless-triang-3666339130800.html,Fnac
Écouteurs Stéréo Gold Guess True Wireless Triangle,99.0,Informatique,,,Oui,https://fnac.tn/ecouteurs-bluetooth/2655-ecouteurs-stereo-gold-guess-true-wireless-triangle-3666339130862.html,Fnac
Ecouteurs sans fil PHILIPS TAT1108BK/00,99.0,Informatique,,,Oui,https://fnac.tn/ecouteurs-bluetooth/2619-ecouteurs-sans-fil-philips-tat1108bk-00-4895229131750.html,Fnac
CASQUE BLUETOOTH LENCO PLIABLE POUR ENFANTS - BLEU,99.0,Informatique,,,Oui,https://fnac.tn/casque-bluetooth-sans-fil/2555-casque-bluetooth-lenco-pliable-pour-enfants-bleu-8711902045557.html,Fnac
CASQUE BLUETOOTH LENCO PLIABLE POUR ENFANTS - ROSE,99.0,Informatique,,,Oui,https://fnac.tn/casque-bluetooth-sans-fil/2556-casque-bluetooth-lenco-pliable-pour-enfants-rose-8711902045564.html,Fnac
radio reveil M12CR BLACK MUSE,99.99,Informatique,,,Oui,https://fnac.tn/tous-les-radios/10478-radio-reveil-m12cr-black-muse-3700460200411.html,Fnac
RADIO PORTABLE M051 R MUSE,99.99,Informatique,,,Oui,https://fnac.tn/radio-cd/10477-radio-portable-m051-r-muse-3700460203306.html,Fnac
RADIO-REVEIL M-178 P MUSE,99.99,Informatique,,,Oui,https://fnac.tn/radio-reveil/10482-radio-reveil-m-178-p-muse-3700460203320.html,Fnac
RADIO-REVEIL M-178 PW MUSE,99.99,Informatique,,,Oui,https://fnac.tn/radio-reveil/18978-radio-reveil-m-178-pw-muse-3700460203542.html,Fnac
RADIO PORTABLE M-050 R MUSE,119.0,Informatique,,,Oui,https://fnac.tn/radio-reveil/10483-radio-portable-m-050-r-muse-3700460202460.html,Fnac
Radio Portable MUSE PLL M-081R,129.99,Informatique,,,Oui,https://fnac.tn/radio-reveil/32398-radio-portable-pll-muse-081r.html,Fnac
RADIO REVEIL JVC RA-F230W,139.0,Informatique,,,Oui,https://fnac.tn/radio-reveil/3574-radio-reveil-jvc-ra-f230w-4975769015601.html,Fnac
Radio réveil JVC RA-F321B,159.99,Informatique,,,Oui,https://fnac.tn/tous-les-radios/3579-radio-reveil-jvc-ra-f321b-4975769470462.html,Fnac
RADIO SONY ICFC1 BLACK,219.99,Informatique,,,Oui,https://fnac.tn/tous-les-radios/3578-radio-sony-icfc1-black-4905524962031.html,Fnac
Radio Rveil MUSE Double Alarme FM M-175 WI,249.99,Informatique,,,Oui,https://fnac.tn/radio-reveil/10480-radio-reveil-muse-double-alarme-fm-m-175-wi-3700460207427.html,Fnac
RADIO REVEIL JVC RA-F110B,109.0,Informatique,,,Oui,https://fnac.tn/radio-reveil/3573-radio-reveil-jvc-ra-f110b-4975769015564.html,Fnac
Radio RA-F18B BLACK JVC,119.0,Informatique,,,Oui,https://fnac.tn/tous-les-radios/3580-radio-ra-f18b-black-jvc-4975769454677.html,Fnac
Radio réveil TAR3205/9 PHILIPS,125.0,Informatique,,,Oui,https://fnac.tn/radio-reveil/3575-radio-reveil-tar3205-9-philips-4895229110571.html,Fnac
POWER BANK CONTACT 20.000 MAH Noir,129.0,Téléphonie,,,Oui,https://fnac.tn/chargeur-et-connectique-/2363-power-bank-contact-20000-mah-noir-8427542128726.html,Fnac
HUAWEI WATCH FIT 3 PINK,449.0,Téléphonie,,,Oui,https://fnac.tn/smartwatchs-et-montres-connectees/3256-huawei-watch-fit-3-pink-6942103118548.html,Fnac
HUAWEI WATCH FIT 3 GREY,499.0,Téléphonie,,,Oui,https://fnac.tn/smartwatchs-et-montres-connectees/3260-huawei-watch-fit-3-grey-6942103118630.html,Fnac
iPhone 16 256GB Black,5699.0,Téléphonie,,,Oui,https://fnac.tn/iphone/3632-iphone-16-256gb-black.html,Fnac
SAMSUNG S25 ULTRA BLUE 12+256Go - SMARTPHONE GALAXY,5999.0,Téléphonie,,,Oui,https://fnac.tn/smartphone-samsung/3835-smartphone-samsung-galaxy-s25-ultra-12256g-blue-8806095889139.html,Fnac
SMARTPHONE OPPO A5 PRO 8+256 GREEN,899.0,Téléphonie,,,Oui,https://fnac.tn/oppo/10545-smartphone-oppo-a5-pro-8256-green-6932169365307.html,Fnac
FILM CERAMIQUE OPPO A18,5.99,Téléphonie,,,Oui,https://fnac.tn/coques-etuis-et-protection/2075-film-ceramique-oppo-a18-9210000012601.html,Fnac
FILM CERAMIQUE OPPO A78,5.99,Téléphonie,,,Oui,https://fnac.tn/coques-etuis-et-protection/2076-film-ceramique-oppo-a78-9210000012625.html,Fnac
GLASS CERAMIQUE XIAOMI REDMI 12C,5.99,Téléphonie,,,Oui,https://fnac.tn/chargeur-et-connectique-/2089-glass-ceramique-xiaomi-redmi-12c-9210000009595.html,Fnac
GLASS CERAMIQUE OPPO RENO 8T,5.99,Téléphonie,,,Oui,https://fnac.tn/coques-etuis-et-protection/2091-glass-ceramique-oppo-reno-8t-9210000009618.html,Fnac
GLASS SIMPLE SAMSUNG A05S,7.0,Téléphonie,,,Oui,https://fnac.tn/coques-etuis-et-protection/2115-glass-simple-samsung-a05s-9210000013097.html,Fnac
Cable WUW-X191 2A Micro,10.0,Téléphonie,,,Oui,https://fnac.tn/chargeur-et-connectique-/2245-cable-wuw-x191-2a-micro-6972573334582.html,Fnac
Cble USB to C Data Cble 65W,10.0,Téléphonie,,,Oui,https://fnac.tn/chargeur-et-connectique-/10538-cable-usb-to-c-data-cable-65w-4780201391256.html,Fnac
Cable WUW-X191 2A Type c,12.0,Téléphonie,,,Oui,https://fnac.tn/chargeur-et-connectique-/2246-cable-wuw-x191-2a-type-c-6972573334612.html,Fnac
Cable Jack WUW-X175,12.0,Téléphonie,,,Oui,https://fnac.tn/chargeur-et-connectique-/2247-cable-jack-wuw-x175-6972573332373.html,Fnac
CABLE HOCO X37 Cool power charging data cable for,12.0,Téléphonie,,,Oui,https://fnac.tn/chargeur-et-connectique-/10514-cable-hoco-x37-cool-power-charging-data-cable-for-6931474710505.html,Fnac
CABLE HOCO X1 Rapid charging cable iP 1M,12.9,Téléphonie,,,Oui,https://fnac.tn/chargeur-et-connectique-/10471-cable-hoco-x1-rapid-charging-cable-ip-1m-6957531032007.html,Fnac
CABLE HOCO X1 Rapid charging cable Type-C 1M,12.9,Téléphonie,,,Oui,https://fnac.tn/chargeur-et-connectique-/10592-cable-hoco-x1-rapid-charging-cable-type-c-1m-6957531032045.html,Fnac
CABLE HOCO X1 Rapid charging cable Micro 1M,12.9,Téléphonie,,,Oui,https://fnac.tn/chargeur-et-connectique-/10622-cable-hoco-x1-rapid-charging-cable-micro-1m-6957531032038.html,Fnac
SILICONE REDMI 13C,12.99,Téléphonie,,,Oui,https://fnac.tn/chargeur-et-connectique-/2069-silicone-redmi-13c-9210000012533.html,Fnac
ETUI OPPO A78,12.99,Téléphonie,,,Oui,https://fnac.tn/coques-etuis-et-protection/2120-etui-oppo-a78-9210000011994.html,Fnac
SILICONE VIVO Y17S,12.99,Téléphonie,,,Oui,https://fnac.tn/coques-etuis-et-protection/2071-silicone-vivo-y17s-9210000012557.html,Fnac
SILICONE VIVO Y27,12.99,Téléphonie,,,Oui,https://fnac.tn/coques-etuis-et-protection/2072-silicone-vivo-y27-9210000012564.html,Fnac
ETUI REDMI 13C TRANSPARENT,12.99,Téléphonie,,,Oui,https://fnac.tn/chargeur-et-connectique-/2114-etui-redmi-13c-transparent-9210000013080.html,Fnac
ETUI SILICONE SMARTPHONE SAMSUNG GALAXY A04S,13.0,Téléphonie,,,Oui,https://fnac.tn/chargeur-et-connectique-/2102-etui-silicone-smartphone-samsung-galaxy-a04s-9210000009748.html,Fnac
ETUI SILKY SOFT SMARTPHONE INFINIX HOT 20,13.0,Téléphonie,,,Oui,https://fnac.tn/coques-etuis-et-protection/2104-etui-silky-soft-smartphone-infinix-hot-20-9210000009793.html,Fnac
ETUI SILKY SOFT SMARTPHONE INFINIX HOT 20I,13.0,Téléphonie,,,Oui,https://fnac.tn/coques-etuis-et-protection/2105-etui-silky-soft-smartphone-infinix-hot-20i-9210000009809.html,Fnac
ETUI SILKY SOFT SMARTPHONE XIAOMI REDMI A1+,13.0,Téléphonie,,,Oui,https://fnac.tn/chargeur-et-connectique-/2100-etui-silky-soft-smartphone-xiaomi-redmi-a1-9210000009724.html,Fnac
ETUI SILKY SOFT SMARTPHONE INFINIX SMART 6 PLUS,13.0,Téléphonie,,,Oui,https://fnac.tn/coques-etuis-et-protection/2106-etui-silky-soft-smartphone-infinix-smart-6-plus-9210000009816.html,Fnac
ETUI OPPO A18,13.0,Téléphonie,,,Oui,https://fnac.tn/coques-etuis-et-protection/2117-etui-oppo-a18-9210000011963.html,Fnac
ETUI OPPO A38,13.0,Téléphonie,,,Oui,https://fnac.tn/coques-etuis-et-protection/2118-etui-oppo-a38-9210000011970.html,Fnac
ETUI SILKY SOFT SMARTPHONE XIAOMI 12,13.0,Téléphonie,,,Oui,https://fnac.tn/coques-etuis-et-protection/2098-etui-silky-soft-smartphone-xiaomi-12-9210000009700.html,Fnac
ETUI BB INFINIX HOT 30I,13.0,Téléphonie,,,Oui,https://fnac.tn/coques-etuis-et-protection/2148-etui-bb-infinix-hot-30i-9210000011543.html,Fnac
ETUI OPPO A58,13.0,Téléphonie,,,Oui,https://fnac.tn/chargeur-et-connectique-/2119-etui-oppo-a58-9210000011987.html,Fnac
ETUI SILICONE INIFINIX HOT 30,13.0,Téléphonie,,,Oui,https://fnac.tn/chargeur-et-connectique-/2145-etui-silicone-inifinix-hot-30-9210000011512.html,Fnac
ETUI SILCONE INFINIX HOT 30I,13.0,Téléphonie,,,Oui,https://fnac.tn/chargeur-et-connectique-/2146-etui-silcone-infinix-hot-30i-9210000011529.html,Fnac
ETUI BB INFINIX HOT 30,13.0,Téléphonie,,,Oui,https://fnac.tn/coques-etuis-et-protection/2147-etui-bb-infinix-hot-30-9210000011536.html,Fnac
ETUI SILKY SOFT SMARTPHONE OPPO A17K,13.0,Téléphonie,,,Oui,https://fnac.tn/coques-etuis-et-protection/2096-etui-silky-soft-smartphone-oppo-a17k-9210000009687.html,Fnac
ETUI BB XIAOMI NOTE 12 PRO,13.0,Téléphonie,,,Oui,https://fnac.tn/coques-etuis-et-protection/2150-etui-bb-xiaomi-note-12-pro-9210000011567.html,Fnac
ETUI BB XIAOMI NOTE 12S,13.0,Téléphonie,,,Oui,https://fnac.tn/coques-etuis-et-protection/2152-etui-bb-xiaomi-note-12s-9210000011581.html,Fnac
PROTECTION CAMERA 13,13.0,Téléphonie,,,Oui,https://fnac.tn/chargeur-et-connectique-/2162-protection-camera-13-9210000008970.html,Fnac
PROTECTION CAMERA 14,13.0,Téléphonie,,,Oui,https://fnac.tn/coques-etuis-et-protection/2164-protection-camera-14-9210000008994.html,Fnac
PROTECTION CAMERA 13 PRO,13.0,Téléphonie,,,Oui,https://fnac.tn/chargeur-et-connectique-/2175-protection-camera-13-pro-9210000009380.html,Fnac
ETUI SILICONE SMARTPHONE XIAOMI - 12C,13.0,Téléphonie,,,Oui,https://fnac.tn/coques-etuis-et-protection/2178-etui-silicone-smartphone-xiaomi-12c-9210000009410.html,Fnac
ETUI REDMI A2+,13.0,Téléphonie,,,Oui,https://fnac.tn/chargeur-et-connectique-/2198-etui-redmi-a2-9210000011154.html,Fnac
ETUI SILKY SOFT SMARTPHONE OPPO RENO 7,13.0,Téléphonie,,,Oui,https://fnac.tn/chargeur-et-connectique-/2092-etui-silky-soft-smartphone-oppo-reno-7-9210000009649.html,Fnac
ETUI SILKY SOFT SMARTPHONE XIAOMI 12 PRO,13.0,Téléphonie,,,Oui,https://fnac.tn/coques-etuis-et-protection/2097-etui-silky-soft-smartphone-xiaomi-12-pro-9210000009694.html,Fnac
Film protection Super Glass Redmi note 12,13.0,Téléphonie,,,Oui,https://fnac.tn/coques-etuis-et-protection/2191-film-protection-super-glass-redmi-note-12-9210000011345.html,Fnac
ETUI SILKY SOFT SMARTPHONE INFINIX SMART 6,13.0,Téléphonie,,,Oui,https://fnac.tn/coques-etuis-et-protection/2053-etui-silky-soft-smartphone-infinix-smart-6-9210000009878.html,Fnac
ETUI SILICONE SMARTPHONE OPPO RENO 8T 4G,13.0,Téléphonie,,,Oui,https://fnac.tn/chargeur-et-connectique-/2093-etui-silicone-smartphone-oppo-reno-8t-4g-9210000009656.html,Fnac
ETUI SILKY SOFT SMARTPHONE OPPO A17,13.0,Téléphonie,,,Oui,https://fnac.tn/coques-etuis-et-protection/2095-etui-silky-soft-smartphone-oppo-a17-9210000009670.html,Fnac
ETUI SILKY SOFT SMARTPHONE OPPO 96,13.0,Téléphonie,,,Oui,https://fnac.tn/chargeur-et-connectique-/2094-etui-silky-soft-smartphone-oppo-96-9210000009663.html,Fnac
AFFECT,32.0,Beauté,,,Oui,https://www.fatales.tn/index.php?id_manufacturer=469&controller=manufacturer&id_lang=,Fatale
YVES SAINT LAURENT,250.0,Beauté,,,Oui,https://www.fatales.tn/index.php?id_manufacturer=496&controller=manufacturer&id_lang=,Fatale
ANASTASIA BEVERLY HILLS,90.0,Beauté,,,Oui,https://www.fatales.tn/index.php?id_manufacturer=438&controller=manufacturer&id_lang=,Fatale
ANASTASIA BEVERLY HILLS,156.0,Beauté,,,Oui,https://www.fatales.tn/crayons-poudres/10551-62291-anastasia-beverly-hills-brow-genius.html,Fatale
ASTRA,22.0,Beauté,,,Oui,https://www.fatales.tn/index.php?id_manufacturer=454&controller=manufacturer&id_lang=,Fatale
ASMIN,134.0,Beauté,,,Oui,https://www.fatales.tn/soin-de-jour/10165-asmin-ba-bee-skin-anti-ge-purifiant-100ml.html,Fatale
ASMIN,134.0,Beauté,,,Oui,https://www.fatales.tn/index.php?id_manufacturer=471&controller=manufacturer&id_lang=,Fatale
ASMIN,160.0,Beauté,,,Oui,https://www.fatales.tn/soins/10163-asmin-light-of-carthage-crme-de-jour-50ml.html,Fatale
ASMIN,90.0,Beauté,,,Oui,https://www.fatales.tn/visage/10168-asmin-moon-light-gel-nettoyant-dmaquillant-125ml.html,Fatale
ASMIN,179.0,Beauté,,,Oui,https://www.fatales.tn/srum/10167-asmin-precious-elixir-srum-anti-ge-30ml.html,Fatale
ASMIN,92.0,Beauté,,,Oui,https://www.fatales.tn/soin-de-jour/10166-asmin-rose-mon-amour-brume-visage-hydratant-100ml.html,Fatale
ASMIN,137.0,Beauté,,,Oui,https://www.fatales.tn/gommages/10164-asmin-sahara-honey-moon-gommage-et-masque-visage-100ml.html,Fatale
ASMIN,169.0,Beauté,,,Oui,https://www.fatales.tn/soin-de-nuit/10162-asmin-velours-hero-crme-de-nuit-50ml.html,Fatale
ZIAJA,39.0,Beauté,,,Oui,https://www.fatales.tn/soin-de-jour/11004-baltic-home-spa-vitality-face-and-neck-srum-90ml.html,Fatale
ZIAJA,39.0,Beauté,,,Oui,https://www.fatales.tn/index.php?id_manufacturer=278&controller=manufacturer&id_lang=,Fatale
BEBIO,33.0,Beauté,,,Oui,https://www.fatales.tn/contour-des-yeux/10599-bebio-crme-contour-des-yeux-nourrissante-et-lissante-naturelle-15ml.html,Fatale
BEBIO,33.0,Beauté,,,Oui,https://www.fatales.tn/index.php?id_manufacturer=464&controller=manufacturer&id_lang=,Fatale
BEBIO,46.0,Beauté,,,Oui,https://www.fatales.tn/soin-de-jour/10603-bebio-crme-de-jour-anti-ge-naturelle-bio-naturelle-50ml.html,Fatale
BEBIO,46.0,Beauté,,,Oui,https://www.fatales.tn/soin-de-jour/10602-bebio-crme-de-jour-anti-rides-naturelle-collagne-marin-50ml.html,Fatale
BEBIO,25.0,Beauté,,,Oui,https://www.fatales.tn/soin-de-jour/10598-bebio-crme-visage-hydratante-naturelle-jour-et-nuit-75ml.html,Fatale
BEBIO,27.0,Beauté,,,Oui,https://www.fatales.tn/visage/10594-bebio-eau-micellaire-naturelle-hydratante-et-apaisante-hyaluro-biorejuvenation-400ml.html,Fatale
BEBIO,25.0,Beauté,,,Oui,https://www.fatales.tn/visage/10597-bebio-gel-nettoyant-visage-naturel-150ml.html,Fatale
BOURJOIS,52.0,Beauté,,,Oui,https://www.fatales.tn/index.php?id_manufacturer=286&controller=manufacturer&id_lang=,Fatale
CHRISTIAN BRETON,85.0,Beauté,,,Oui,https://www.fatales.tn/contour-des-yeux/1326946-christian-breton-energy-shoy-crme-yeux-vitamine-15-ml.html,Fatale
CHRISTIAN BRETON,85.0,Beauté,,,Oui,https://www.fatales.tn/index.php?id_manufacturer=498&controller=manufacturer&id_lang=,Fatale
CHRISTIAN BRETON,128.8,Beauté,,,Oui,https://www.fatales.tn/contour-des-yeux/1326945-christian-breton-eye-illuminator-15-ml.html,Fatale
CHRISTIAN BRETON,99.0,Beauté,,,Oui,https://www.fatales.tn/contour-des-yeux/1326943-christian-breton-eye-priority-dark-undereye-corrector-serum.html,Fatale
CHRISTIAN BRETON,99.0,Beauté,,,Oui,https://www.fatales.tn/contour-des-yeux/1326940-christian-breton-eye-priority-precious-gold-contour-serum-with-caviar-15ml.html,Fatale
CHRISTIAN BRETON,127.0,Beauté,,,Oui,https://www.fatales.tn/contour-des-yeux/1326941-christian-breton-eye-priority-precious-gold-cream-with-caviar-15ml.html,Fatale
CHRISTIAN BRETON,157.0,Beauté,,,Oui,https://www.fatales.tn/contour-des-yeux/1326942-christian-breton-eye-priority-stick-glace.html,Fatale
CHRISTIAN BRETON,111.0,Beauté,,,Oui,https://www.fatales.tn/contour-des-yeux/1326947-christian-breton-intense-3x-hyaluronic-eye-cream.html,Fatale
CHRISTIAN BRETON,97.0,Beauté,,,Oui,https://www.fatales.tn/soin-de-jour/1326938-christian-breton-liftox-lotion-120ml.html,Fatale
CHRISTIAN BRETON,189.0,Beauté,,,Oui,https://www.fatales.tn/serum/1326939-christian-breton-liftox-serum-super-power-30ml.html,Fatale
CHRISTIAN BRETON,153.0,Beauté,,,Oui,https://www.fatales.tn/contour-des-yeux/1326944-christian-breton-mascara-eye-priority-lash-xxxl-color-and-care.html,Fatale
CHRISTIAN BRETON,258.0,Beauté,,,Oui,https://www.fatales.tn/soin-de-nuit/1326950-christian-breton-repair-sleeping-cream-50ml.html,Fatale
CHRISTIAN BRETON,276.0,Beauté,,,Oui,https://www.fatales.tn/serum/1326937-christian-breton-the-ultimate-lifting-serum-30ml.html,Fatale
CLARINS,122.0,Beauté,,,Oui,https://www.fatales.tn/rougeurs/4606-clarins-calm-essentiel-gel-anti-rougeurs-30ml.html,Fatale
CLARINS,122.0,Beauté,,,Oui,https://www.fatales.tn/index.php?id_manufacturer=144&controller=manufacturer&id_lang=,Fatale
CLARINS,296.0,Beauté,,,Oui,https://www.fatales.tn/soin-de-jour/4593-clarins-extra-firming-crme-jour-tous-types-de-peaux-50ml.html,Fatale
CLARINS,172.0,Beauté,,,Oui,https://www.fatales.tn/eclaircissant/4492-clarins-bright-plus-lotion-de-jour-spf20-75ml.html,Fatale
CLARINS,122.0,Beauté,,,Oui,https://www.fatales.tn/soin-de-jour/4918-clarins-calm-essentiel-cica-reparateur-50ml.html,Fatale
CLARINS,228.0,Beauté,,,Oui,https://www.fatales.tn/irritations/4607-clarins-calm-essentiel-huile-restructurante-30ml.html,Fatale
CLARINS,259.0,Beauté,,,Oui,https://www.fatales.tn/coffrets-soins/10752-clarins-coffret-huile-nettoyante-dmaquillante-50mldouble-srum-yeux-20mlmini-mascara-01-noir.html,Fatale
CLARINS,110.0,Beauté,,,Oui,https://www.fatales.tn/gommages/4561-clarins-comfort-scrub-exfoliant-visage-50ml.html,Fatale
CLARINS,336.0,Beauté,,,Oui,https://www.fatales.tn/soin-de-jour/4553-clarins-crme-multi-intensive-erose-lumiere-50ml.html,Fatale
CLARINS,380.0,Beauté,,,Oui,https://www.fatales.tn/soin-de-jour/8351-clarins-crme-multi-intensive-jour-peaux-trs-seche-50ml.html,Fatale
CLARINS,380.0,Beauté,,,Oui,https://www.fatales.tn/soin-de-jour/8350-clarins-crme-multi-intensive-jour-tous-types-de-peaux-50ml.html,Fatale
CLARINS,373.0,Beauté,,,Oui,https://www.fatales.tn/soin-de-jour/8352-clarins-crme-multi-intensive-jour-tous-types-de-peaux-spf-15-50ml.html,Fatale
CLARINS,401.0,Beauté,,,Oui,https://www.fatales.tn/soin-de-nuit/8354-clarins-crme-multi-intensive-nuit-peaux-tres-seche-50ml.html,Fatale
CLARINS,401.0,Beauté,,,Oui,https://www.fatales.tn/soin-de-nuit/8353-clarins-crme-multi-intensive-nuit-tous-types-de-peaux-50ml.html,Fatale
CLARINS,266.0,Beauté,,,Oui,https://www.fatales.tn/soin-de-jour/10410-clarins-cryo-flash-creme-masque-75ml.html,Fatale
CLARINS,328.0,Beauté,,,Oui,https://www.fatales.tn/soin-de-jour/11322-clarins-double-srum-traitement-complet-jeunesse-intensif-30ml.html,Fatale
CLARINS,456.0,Beauté,,,Oui,https://www.fatales.tn/soin-de-jour/11323-clarins-double-srum-traitement-complet-jeunesse-intensif-50ml.html,Fatale
CLARINS,128.0,Beauté,,,Oui,https://www.fatales.tn/visage/10746-clarins-doux-nettoyant-gommant-express-tous-types-de-peaux-125ml.html,Fatale
CLARINS,156.0,Beauté,,,Oui,https://www.fatales.tn/protection-solaire/7440-clarins-ecran-uv-plus-anti-pollution-rose-spf50-30ml.html,Fatale
CLARINS,156.0,Beauté,,,Oui,https://www.fatales.tn/protection-solaire/7439-clarins-ecran-uv-plus-anti-pollution-spf50-30ml.html,Fatale
CLARINS,252.0,Beauté,,,Oui,https://www.fatales.tn/soin-de-jour/4566-clarins-extra-firming-crme-cou-et-dcolt-75ml.html,Fatale
CLARINS,183.0,Beauté,,,Oui,https://www.fatales.tn/visage/4598-clarins-gel-energisant-visage-tous-types-de-peaux-50ml.html,Fatale
RABANNE,468.0,Beauté,,,Oui,https://www.fatales.tn/index.php?id_manufacturer=213&controller=manufacturer&id_lang=,Fatale
Agatha,116.0,Beauté,,,Oui,https://www.fatales.tn/index.php?id_manufacturer=124&controller=manufacturer&id_lang=,Fatale
AIRVAL,88.0,Beauté,,,Oui,https://www.fatales.tn/eau-de-toilette/10764-airval-coffret-mickey-mouse-edt-50-mltote-bag.html,Fatale
AIRVAL,88.0,Beauté,,,Oui,https://www.fatales.tn/index.php?id_manufacturer=429&controller=manufacturer&id_lang=,Fatale
CACHAREL,128.0,Beauté,,,Oui,https://www.fatales.tn/index.php?id_manufacturer=29&controller=manufacturer&id_lang=,Fatale
Antonio Banderas,115.0,Beauté,,,Oui,https://www.fatales.tn/eau-de-toilette/11272-antonio-banderas-coffret-power-of-seduction-edt-100mldeo-spray-150ml.html,Fatale
Antonio Banderas,115.0,Beauté,,,Oui,https://www.fatales.tn/index.php?id_manufacturer=259&controller=manufacturer&id_lang=,Fatale
ARMANI,569.0,Beauté,,,Oui,https://www.fatales.tn/index.php?id_manufacturer=222&controller=manufacturer&id_lang=,Fatale
ARMANI,550.0,Beauté,,,Oui,https://www.fatales.tn/le-parfum/11524-armani-coffret-acqua-di-gio-le-parfum-100mlminiature.html,Fatale
ARMANI,322.0,Beauté,,,Oui,https://www.fatales.tn/eau-de-toilette/11521-armani-coffret-aqua-di-gio-edt-50mlgel-douche-75ml.html,Fatale
ARMANI,416.0,Beauté,,,Oui,https://www.fatales.tn/eau-de-toilette/11204-armani-coffret-aqua-di-gio-profondo-edp-75ml-vaporisateur-15ml.html,Fatale
ARMANI,623.0,Beauté,,,Oui,https://www.fatales.tn/eau-de-parfum/11523-armani-coffret-code-le-parfum-125mlgel-douche-75mlminiature.html,Fatale
ARMANI,427.0,Beauté,,,Oui,https://www.fatales.tn/eau-de-parfum/11522-armani-coffret-my-way-edp-50mllait-de-coprs-50mlgel-douche-50ml.html,Fatale
ARMANI,633.0,Beauté,,,Oui,https://www.fatales.tn/eau-de-toilette/10812-armani-coffret-si-edp-intense-100mllait-de-corps-50mlvaporisateur-15ml.html,Fatale
ARMANI,347.0,Beauté,,,Oui,https://www.fatales.tn/eau-de-parfum/11525-armani-coffret-stronger-with-you-intensely-edp-50mlgel-douche-75ml.html,Fatale
ARMANI PRIVÉ,1010.0,Beauté,,,Oui,https://www.fatales.tn/index.php?id_manufacturer=211&controller=manufacturer&id_lang=,Fatale
Bracelet Femme POLO SANTA BARBARA - Silver,300.0,Beauté,,,Oui,https://www.mytek.tn/bracelet-femme-polo-santa-barbara-silver-sbj-2-1030-1.html,Mytek
Bracelet Femme POLO SANTA BARBARA - Silver,300.0,Beauté,,,Oui,https://www.mytek.tn/bracelet-femme-polo-santa-barbara-silver-sbj-2-1033-1.html,Mytek
Bracelet Femme POLO SANTA BARBARA - Gold,300.0,Beauté,,,Oui,https://www.mytek.tn/bracelet-femme-polo-santa-barbara-gold-sbj-7-1070-2.html,Mytek
Collier Femme POLO SANTA BARBARA - Silver,300.0,Beauté,,,Oui,https://www.mytek.tn/collier-femme-polo-santa-barbara-silver-sbj-4-5001-1.html,Mytek
Bracelet Femme POLO SANTA BARBARA - Gold,300.0,Beauté,,,Oui,https://www.mytek.tn/bracelet-femme-polo-santa-barbara-gold-sbj-3-1062-2.html,Mytek
Bracelet Femme POLO SANTA BARBARA - Gold,300.0,Beauté,,,Oui,https://www.mytek.tn/bracelet-femme-polo-santa-barbara-gold-sbj-3-1034-2.html,Mytek
Bracelet Femme POLO SANTA BARBARA - Gold,300.0,Beauté,,,Oui,https://www.mytek.tn/bracelet-femme-polo-santa-barbara-gold-sbj-3-1064-2.html,Mytek
Filtrer,39.0,Beauté,,,Oui,https://www.mytek.tn/mode-beaute-sante/bijouterie.html,Mytek
Eau de Parfum ASTUS Aurage Sage - 30ml,300.0,Beauté,,,Oui,https://www.mytek.tn/eau-de-parfum-astus-aurage-sage-30ml.html,Mytek
Eau De Senteur ASTUS Fresh Free Alcohol world - 30ml,300.0,Beauté,,,Oui,https://www.mytek.tn/eau-de-senteur-astus-fresh-free-alcohol-world-30ml.html,Mytek
Eau de Parfum ASTUS Music Tunisian Bloom - 30ml,300.0,Beauté,,,Oui,https://www.mytek.tn/eau-de-parfum-astus-music-tunisian-bloom-30ml.html,Mytek
Eau De Senteur ASTUS Free Alcohol world - 30ml,300.0,Beauté,,,Oui,https://www.mytek.tn/eau-de-senteur-astus-free-alcohol-world-30ml.html,Mytek
Eau de Parfum ASTUS Dr Argent - 30ml,300.0,Beauté,,,Oui,https://www.mytek.tn/eau-de-parfum-astus-dr-argent-30ml.html,Mytek
Eau de Parfum Pour Homme ASTUS Hero Boot White - 30ml,300.0,Beauté,,,Oui,https://www.mytek.tn/eau-de-parfum-pour-homme-astus-hero-boot-white-30ml.html,Mytek
Eau de Parfum ASTUS Sandalo Woody Vibes - 30ml,300.0,Beauté,,,Oui,https://www.mytek.tn/eau-de-parfum-astus-sandalo-woody-vibes-30ml.html,Mytek
Eau de Parfum Pour Femme ASTUS Yve Libre - 30ml,300.0,Beauté,,,Oui,https://www.mytek.tn/eau-de-parfum-pour-femme-astus-yve-libre-30ml.html,Mytek
Eau de Parfum ASTUS Parole Magique - 30ml,300.0,Beauté,,,Oui,https://www.mytek.tn/eau-de-parfum-astus-parole-magique-30ml.html,Mytek
Eau de Parfum ASTUS Tonka - 30ml,300.0,Beauté,,,Oui,https://www.mytek.tn/eau-de-parfum-astus-tonka-30ml.html,Mytek
Eau de Parfum Pour Femme ASTUS Guirez - 30ml,300.0,Beauté,,,Oui,https://www.mytek.tn/eau-de-parfum-pour-femme-astus-guirez-30ml.html,Mytek
Eau de Parfum Pour Femme ASTUS Night Or - 30ml,300.0,Beauté,,,Oui,https://www.mytek.tn/eau-de-parfum-pour-femme-astus-night-or-30ml.html,Mytek
Filtrer,10.9,Beauté,,,Oui,https://www.mytek.tn/mode-beaute-sante/parfums.html,Mytek
Applicateur Visage 40g DEPILEVE - Blanc,300.0,Beauté,,,Oui,https://www.mytek.tn/applicateur-visage-40g-depileve-blanc.html,Mytek
Applicateur Corps 40g DEPILEVE - Blanc,300.0,Beauté,,,Oui,https://www.mytek.tn/applicateur-corps-40g-depileve-blanc.html,Mytek
Chauffe-Cire WAXESS 100ml - Blanc & Rouge,300.0,Beauté,,,Oui,https://www.mytek.tn/chauffe-cire-waxess-100ml-blanc-rouge.html,Mytek
Filtrer,1.5,Beauté,,,Oui,https://www.mytek.tn/mode-beaute-sante/epilation.html,Mytek
Fer A Boucler TECHWOOD TFB-237 40W - Noir,300.0,Beauté,,,Oui,https://www.mytek.tn/fer-a-boucler-techwood-tfb-237-40w-noir.html,Mytek
Peigne Tondeuse N°2 WAHL - Noir,300.0,Beauté,,,Oui,https://www.mytek.tn/peigne-tondeuse-n-2-wahl-noir.html,Mytek
Peigne Tondeuse N°3 WAHL - Noir,300.0,Beauté,,,Oui,https://www.mytek.tn/peigne-tondeuse-n-3-wahl-noir.html,Mytek
Peigne Tondeuse N°4 WAHL - Noir,300.0,Beauté,,,Oui,https://www.mytek.tn/peigne-tondeuse-n-4-wahl-noir.html,Mytek
Peigne Tondeuse N°1 MOSER - Noir,300.0,Beauté,,,Oui,https://www.mytek.tn/peigne-tondeuse-n-1-moser-noir.html,Mytek
Peigne Tondeuse N°2 MOSER - Noir,300.0,Beauté,,,Oui,https://www.mytek.tn/peigne-tondeuse-n-2-moser-noir.html,Mytek
Peigne Tondeuse N°3 MOSER - Noir,300.0,Beauté,,,Oui,https://www.mytek.tn/peigne-tondeuse-n-3-moser-noir.html,Mytek
Filtrer,9.9,Beauté,,,Oui,https://www.mytek.tn/mode-beaute-sante/soins-homme.html,Mytek
